time,itr,avg,std,MSE,MAE
1548994282.248689,0,-0.19323267371791022,1.7762156646204317,459.68845729466506,1.2895988179082123
