time,itr,avg,std,MSE,MAE
1548801983.512029,0,0.0716087697472734,1.7144005144003494,423.9787593140496,1.2274059715762466
1548802010.552547,1,0.01100899723228769,1.1870378467752516,202.92192686835162,0.7727307926014924
1548802051.430424,2,0.00019832027581876164,1.2251694154041042,216.14977955124957,0.7745102908916456
1548802094.658626,3,-0.030642668462856,1.3284137200055341,254.24956578664313,0.7764295084072085
1548802137.147372,4,-0.030905613109231147,1.37990984618324,274.33531303417595,0.7757160551939789
1548802181.549417,5,-0.06013518316836989,1.4370986311569178,297.9170950936003,0.7990929946088228
1548802224.783134,6,-0.017953878975428075,1.427034224075617,293.29185865728425,0.7832801587503117
1548802266.443006,7,-0.041501338164290184,1.4424307967318943,299.8553708779249,0.7954065291231845
