time,itr,avg,std,MSE,MAE
1548797448.769746,0,-0.2447053965229272,0.5132905874291701,2.2634357076157787,0.4407769884707501
1548797450.346917,0,-0.21038734006136753,0.5343075056465896,2.3082314041386445,0.44911647457263887
1548797498.119814,3,-0.06861752805973106,0.6088289561525705,2.627667441047995,0.5584996637417327
1548797499.747538,3,-0.03777189151669335,0.65557109334079,3.0184012194895127,0.6031202623632226
1548797548.380405,6,0.10148242345091685,0.8154810579296138,4.727156266780313,0.7559661563080974
1548797549.964919,6,0.09142719698112091,0.9583863592118333,6.4880434210979665,0.878675208479871
1548797596.584282,9,0.16551547963236501,1.2112094017793014,10.460965122695535,1.0598497939075011
1548797598.171552,9,0.15807841493231875,1.3570458187616505,13.065934976401946,1.1805509811376627
